{"cameraMode":{"drawMode":0,"name":"Shaded","section":"Shading Mode"},"sceneLighting":false,"audioPlay":false,"sceneViewState":{"showFog":false,"showMaterialUpdate":false,"showSkybox":false,"showFlares":false,"showImageEffects":false,"showParticleSystems":false},"in2DMode":false,"pivot":{"x":41.29999923706055,"y":10.100000381469727,"z":-59.099998474121097},"rotation":{"x":0.6836785674095154,"y":0.015973513945937158,"z":-0.014972654171288014,"w":0.7294649481773377},"size":16.57573127746582,"orthographic":false}