{"cameraMode":{"drawMode":0,"name":"Shaded","section":"Shading Mode"},"sceneLighting":false,"audioPlay":false,"sceneViewState":{"showFog":false,"showMaterialUpdate":false,"showSkybox":false,"showFlares":false,"showImageEffects":false,"showParticleSystems":false},"in2DMode":false,"pivot":{"x":0.11002731323242188,"y":0.305117130279541,"z":-0.00229489803314209},"rotation":{"x":0.051768478006124499,"y":-0.934849202632904,"z":0.15308202803134919,"w":0.31614774465560915},"size":11.180495262145996,"orthographic":false}