{"cameraMode":{"drawMode":0,"name":"Shaded","section":"Shading Mode"},"sceneLighting":false,"audioPlay":false,"sceneViewState":{"showFog":true,"showMaterialUpdate":true,"showSkybox":true,"showFlares":true,"showImageEffects":true,"showParticleSystems":true},"in2DMode":false,"pivot":{"x":4.596461772918701,"y":10.052165985107422,"z":9.004735946655274},"rotation":{"x":0.002994985319674015,"y":0.9969518780708313,"z":-0.04939904808998108,"w":0.06048968434333801},"size":4.799957275390625,"orthographic":false}