{"cameraMode":{"drawMode":0,"name":"Shaded","section":"Shading Mode"},"sceneLighting":true,"audioPlay":false,"sceneViewState":{"showFog":true,"showMaterialUpdate":true,"showSkybox":true,"showFlares":true,"showImageEffects":true,"showParticleSystems":true},"in2DMode":false,"pivot":{"x":6.933318138122559,"y":14.418177604675293,"z":-13.722192764282227},"rotation":{"x":0.020529380068182946,"y":0.9774564504623413,"z":-0.11341069638729096,"w":0.17695917189121247},"size":36.96415328979492,"orthographic":false}