{"cameraMode":{"drawMode":0,"name":"Shaded","section":"Shading Mode"},"sceneLighting":true,"audioPlay":false,"sceneViewState":{"showFog":false,"showMaterialUpdate":false,"showSkybox":true,"showFlares":false,"showImageEffects":false,"showParticleSystems":false},"in2DMode":false,"pivot":{"x":14.800000190734864,"y":0.5799999237060547,"z":-14.5},"rotation":{"x":-0.7147467732429504,"y":0.034387391060590747,"z":-0.03512485325336456,"w":-0.6977739334106445},"size":10.28838062286377,"orthographic":false}