{"cameraMode":{"drawMode":0,"name":"Shaded","section":"Shading Mode"},"sceneLighting":false,"audioPlay":false,"sceneViewState":{"showFog":true,"showMaterialUpdate":true,"showSkybox":true,"showFlares":true,"showImageEffects":true,"showParticleSystems":true},"in2DMode":false,"pivot":{"x":-9.7413330078125,"y":35.71434020996094,"z":-29.323150634765626},"rotation":{"x":-0.005611659027636051,"y":-0.9887039065361023,"z":0.14488951861858369,"w":-0.03827435150742531},"size":17.820192337036134,"orthographic":false}