{"cameraMode":{"drawMode":0,"name":"Shaded","section":"Shading Mode"},"sceneLighting":true,"audioPlay":false,"sceneViewState":{"showFog":false,"showMaterialUpdate":false,"showSkybox":false,"showFlares":false,"showImageEffects":false,"showParticleSystems":false},"in2DMode":false,"pivot":{"x":0.13000011444091798,"y":2.5199997425079347,"z":-0.039999961853027347},"rotation":{"x":-0.030091170221567155,"y":0.9627436399459839,"z":-0.24023538827896119,"w":-0.12137556076049805},"size":52.013484954833987,"orthographic":false}