{"cameraMode":{"drawMode":0,"name":"Shaded","section":"Shading Mode"},"sceneLighting":true,"audioPlay":false,"sceneViewState":{"showFog":false,"showMaterialUpdate":false,"showSkybox":false,"showFlares":false,"showImageEffects":false,"showParticleSystems":false},"in2DMode":false,"pivot":{"x":41.29999923706055,"y":10.100000381469727,"z":-42.529998779296878},"rotation":{"x":0.35773757100105288,"y":0.4143484830856323,"z":-0.18109160661697389,"w":0.8171792030334473},"size":16.57573127746582,"orthographic":false}