{"cameraMode":{"drawMode":0,"name":"Shaded","section":"Shading Mode"},"sceneLighting":true,"audioPlay":false,"sceneViewState":{"showFog":false,"showMaterialUpdate":false,"showSkybox":false,"showFlares":false,"showImageEffects":false,"showParticleSystems":false},"in2DMode":false,"pivot":{"x":-2.5102121829986574,"y":21.546945571899415,"z":-23.53371810913086},"rotation":{"x":0.3613169491291046,"y":0.0033093905076384546,"z":-0.0005631156382150948,"w":0.9326222538948059},"size":80.17769622802735,"orthographic":false}