{"cameraMode":{"drawMode":0,"name":"Shaded","section":"Shading Mode"},"sceneLighting":true,"audioPlay":false,"sceneViewState":{"showFog":true,"showMaterialUpdate":true,"showSkybox":true,"showFlares":true,"showImageEffects":true,"showParticleSystems":true},"in2DMode":false,"pivot":{"x":-2.3484582901000978,"y":7.284571647644043,"z":-72.15988159179688},"rotation":{"x":0.7765792012214661,"y":-0.06013932824134827,"z":0.07493516802787781,"w":0.6227197647094727},"size":79.33873748779297,"orthographic":false}